City_ID,City,Country,Lat,Lng,Max Temp,Humidity,Cloudiness,Wind Speed,Current Description
0,Verkhoturye,RU,58.8627,60.8054,2.03,90,88,11.03,overcast clouds
1,Cape Town,ZA,-33.9258,18.4232,64.81,79,0,1.99,clear sky
2,Putina,PE,-15.4667,-69.4333,49.35,74,71,8.32,light rain
3,Taoudenni,ML,22.6783,-3.9836,68.38,25,89,9.15,overcast clouds
4,Bredasdorp,ZA,-34.5322,20.0403,61.29,90,78,12.3,broken clouds
5,Khatanga,RU,71.9667,102.5,-28.82,100,13,5.53,few clouds
6,Busselton,AU,-33.65,115.3333,73.04,48,0,16.44,clear sky
7,Mataura,NZ,-46.1927,168.8643,65.48,34,0,3.33,clear sky
8,Broome,US,42.2506,-75.833,36.68,73,100,1.99,overcast clouds
9,Carnarvon,AU,-24.8667,113.6333,80.22,68,0,12.06,clear sky
10,Ushuaia,AR,-54.8,-68.3,55.63,70,91,7.63,overcast clouds
11,Upernavik,GL,72.7868,-56.1549,5.83,93,97,11.54,overcast clouds
12,Elko,US,41.0002,-115.5012,34.74,91,98,11.01,snow
13,Vyksa,RU,55.3175,42.1744,6.08,88,52,14.38,broken clouds
14,Rosario Oeste,BR,-14.8361,-56.4275,75.04,96,100,3.24,light rain
15,Saint-Philippe,RE,-21.3585,55.7679,78.39,87,98,1.12,light rain
16,Rikitea,PF,-23.1203,-134.9692,77.67,68,68,8.77,broken clouds
17,Norman Wells,CA,65.282,-126.8329,-7.15,96,100,6.8,overcast clouds
18,Sao Filipe,CV,14.8961,-24.4956,75.51,68,82,8.08,broken clouds
19,Saint George,US,37.1041,-113.5841,57.25,52,75,1.01,broken clouds
20,Luangwa,ZM,-15.6167,30.4167,72.88,86,100,0.45,moderate rain
21,Aberdeen,GB,57.1437,-2.0981,39.69,69,90,10.36,overcast clouds
22,Esperance,AU,-33.8667,121.9,68.4,66,1,12.86,clear sky
23,Atuona,PF,-9.8,-139.0333,78.64,75,7,11.63,clear sky
24,Berlevag,NO,70.8578,29.0864,28.17,68,100,15.48,light snow
25,Bathsheba,BB,13.2167,-59.5167,78.6,76,82,15.77,broken clouds
26,Ponta Do Sol,PT,32.6667,-17.1,66.83,87,100,14.72,overcast clouds
27,Tawang,IN,27.5833,91.8667,19.69,82,10,7.29,clear sky
28,Verkhnevilyuysk,RU,63.4453,120.3167,-18.2,99,99,3.94,overcast clouds
29,Yatou,CN,37.15,122.3833,20.46,80,91,19.75,light snow
30,Georgetown,MY,5.4112,100.3354,78.89,92,20,0.0,few clouds
31,Ashington,GB,50.9331,-0.3909,50.43,91,100,1.99,overcast clouds
32,Twante,MM,16.7167,95.9333,64.53,83,3,4.05,clear sky
33,Manokwari,ID,-0.8667,134.0833,81.37,75,95,4.34,overcast clouds
34,Caravelas,BR,-17.7125,-39.2481,70.23,97,100,6.04,light rain
35,Hilo,US,19.7297,-155.09,75.25,56,79,7.72,broken clouds
36,Ostrovnoy,RU,68.0531,39.5131,14.05,87,100,17.87,overcast clouds
37,Avarua,CK,-21.2078,-159.775,82.45,83,75,18.41,light rain
38,East London,ZA,-33.0153,27.9116,64.15,90,72,10.11,broken clouds
39,Kapaa,US,22.0752,-159.319,78.78,69,29,4.0,light rain
40,Berdigestyakh,RU,62.0989,126.6992,-35.84,100,98,0.36,overcast clouds
41,Majene,ID,-3.5403,118.9707,80.29,76,96,5.41,overcast clouds
42,Dikson,RU,73.5069,80.5464,-6.54,88,48,7.96,scattered clouds
43,Chokurdakh,RU,70.6333,147.9167,-37.46,100,100,6.64,overcast clouds
44,Albany,US,42.6001,-73.9662,28.51,85,92,2.08,overcast clouds
45,Along,IN,28.1667,94.7667,46.67,66,50,1.72,scattered clouds
46,Provideniya,RU,64.3833,-173.3,8.37,95,100,18.57,snow
47,Dingle,PH,10.9995,122.6711,75.29,93,67,6.31,broken clouds
48,Butaritari,KI,3.0707,172.7902,81.79,77,100,9.62,overcast clouds
49,Nabire,ID,-3.3667,135.4833,83.16,72,70,0.36,broken clouds
50,Ayagoz,KZ,47.9714,80.4392,14.85,89,99,7.87,overcast clouds
51,Sambava,MG,-14.2667,50.1667,74.43,91,56,4.85,broken clouds
52,Arraial Do Cabo,BR,-22.9661,-42.0278,73.2,74,10,11.32,clear sky
53,Ubinskoye,RU,55.3068,79.6802,-2.27,97,65,2.82,broken clouds
54,Coronel,CL,-37.0167,-73.1333,64.83,56,0,11.07,clear sky
55,Matara,LK,5.9485,80.5353,72.3,88,65,7.74,broken clouds
56,Wuchi,CN,29.3786,103.023,35.11,98,100,2.82,light rain
57,Portland,US,45.5234,-122.6762,41.52,92,100,3.0,light rain
58,Englewood,US,39.6478,-104.9878,43.41,85,75,1.99,broken clouds
59,Vaini,TO,-21.2,-175.2,79.57,65,21,6.55,few clouds
60,Castro,BR,-24.7911,-50.0119,56.48,91,16,7.18,few clouds
61,Mandera,KE,3.9366,41.867,80.67,68,78,15.57,broken clouds
62,Bluff,NZ,-46.6,168.3333,65.8,57,0,4.99,clear sky
63,Te Anau,NZ,-45.4167,167.7167,68.18,42,0,2.84,clear sky
64,Likasi,CD,-10.9814,26.7333,61.27,98,99,4.05,light rain
65,Fethiye,TR,36.6217,29.1164,35.47,36,0,5.79,clear sky
66,Hermanus,ZA,-34.4187,19.2345,66.9,85,95,13.62,overcast clouds
67,Watsa,CD,3.0372,29.5355,66.83,72,84,2.28,broken clouds
68,Buta,CD,2.7858,24.73,72.21,88,100,2.42,overcast clouds
69,Qaanaaq,GL,77.484,-69.3632,3.25,85,98,6.44,overcast clouds
70,Aginskoye,RU,51.1,114.53,-15.59,85,7,7.85,clear sky
71,Port-Gentil,GA,-0.7193,8.7815,79.95,84,19,15.05,few clouds
72,Boyuibe,BO,-20.4167,-63.2833,74.1,69,97,3.31,overcast clouds
73,San Ignacio,BZ,17.1561,-89.0714,69.58,74,19,3.94,few clouds
74,Lucapa,AO,-8.4192,20.7447,65.44,99,100,2.46,light rain
75,Chuy,UY,-33.6971,-53.4616,67.91,79,2,13.53,clear sky
76,Ulladulla,AU,-35.35,150.4667,86.77,58,6,6.8,clear sky
77,Hithadhoo,MV,-0.6,73.0833,81.63,75,32,8.43,scattered clouds
78,Bengkulu,ID,-3.8004,102.2655,76.28,88,75,4.56,broken clouds
79,Namibe,AO,-15.1961,12.1522,67.32,75,27,7.27,scattered clouds
80,Verkh-Usugli,RU,52.7,115.1667,-17.12,84,37,2.98,scattered clouds
81,Hobart,AU,-42.8794,147.3294,69.12,46,20,5.01,few clouds
82,Dakar,SN,14.6937,-17.4441,77.88,66,99,13.6,overcast clouds
83,Bilma,NE,18.6853,12.9164,61.34,22,5,8.75,clear sky
84,Grand Gaube,MU,-20.0064,57.6608,76.37,85,97,3.74,overcast clouds
85,Puro,PH,12.4841,123.3827,79.77,81,61,10.56,broken clouds
86,Nouakchott,MR,18.0858,-15.9785,71.53,34,0,11.25,clear sky
87,Vestmannaeyjar,IS,63.4427,-20.2734,38.98,78,85,21.36,overcast clouds
88,Ribeira Grande,PT,38.5167,-28.7,63.81,96,100,15.19,overcast clouds
89,Paita,PE,-5.0892,-81.1144,69.89,82,10,16.75,clear sky
90,Santa Isabel Do Rio Negro,BR,-0.4139,-65.0192,78.42,79,64,2.44,broken clouds
91,Champerico,GT,14.3,-91.9167,83.35,66,5,5.7,clear sky
92,Tayu,ID,-6.5397,111.0518,80.89,77,99,2.48,overcast clouds
93,Samarai,PG,-10.6167,150.6667,84.45,70,45,7.94,scattered clouds
94,Sitka,US,57.0531,-135.33,28.29,31,20,9.22,few clouds
95,Jamestown,US,42.097,-79.2353,51.39,61,90,8.05,overcast clouds
96,Ahipara,NZ,-35.1667,173.1667,74.61,52,11,6.6,few clouds
97,Kattivakkam,IN,13.2167,80.3167,73.08,87,27,4.05,scattered clouds
98,Xining,CN,36.6167,101.7667,15.42,77,36,1.52,scattered clouds
99,Igrim,RU,63.1906,64.4162,3.38,94,100,9.46,light snow
100,Tias,ES,28.9611,-13.645,60.55,82,20,4.61,few clouds
101,Flinders,AU,-34.5833,150.8552,84.18,69,26,9.55,scattered clouds
102,Wajima,JP,37.4,136.9,36.48,94,100,23.8,light rain
103,Ledyard,US,41.4398,-72.0142,31.17,84,90,1.01,overcast clouds
104,Nuqui,CO,5.7125,-77.2708,78.04,88,74,1.28,light rain
105,Yellowknife,CA,62.456,-114.3525,-7.6,97,100,7.74,overcast clouds
106,Mount Gambier,AU,-37.8333,140.7667,62.51,88,90,13.8,overcast clouds
107,The Valley,AI,18.217,-63.0578,78.1,69,8,8.57,clear sky
108,Taicheng,CN,38.731,113.228,3.52,64,9,3.31,clear sky
109,Celestun,MX,20.8667,-90.4,74.41,64,0,15.5,clear sky
110,Waw,SS,7.7029,27.9953,73.35,27,70,4.92,broken clouds
111,Nome,US,64.5011,-165.4064,17.11,86,90,24.16,snow
112,Iseyin,NG,7.9667,3.6,75.69,58,47,3.69,scattered clouds
113,Palu,ID,-0.8917,119.8707,79.66,76,81,1.74,broken clouds
114,Port Hardy,CA,50.6996,-127.4199,31.87,61,54,5.53,broken clouds
115,Azul,AR,-36.777,-59.8585,72.34,73,73,3.36,broken clouds
116,Wattegama,LK,6.7989,81.4808,66.09,90,5,3.94,clear sky
117,Pevek,RU,69.7008,170.3133,-23.69,100,95,1.34,overcast clouds
118,Mar Del Plata,AR,-38.0023,-57.5575,69.82,83,75,16.11,broken clouds
119,Mahebourg,MU,-20.4081,57.7,76.24,78,98,1.23,overcast clouds
120,Bac Lieu,VN,9.285,105.7244,76.95,84,73,13.18,broken clouds
121,Kodiak,US,57.79,-152.4072,47.71,34,90,3.44,overcast clouds
122,Los Llanos De Aridane,ES,28.6585,-17.9182,60.55,91,75,3.0,broken clouds
123,Salinas,US,36.6777,-121.6555,55.71,63,75,11.5,broken clouds
124,Tasiilaq,GL,65.6145,-37.6368,23.16,53,4,5.19,clear sky
125,Katsuura,JP,35.1333,140.3,51.82,89,100,6.49,overcast clouds
126,Gazanjyk,TM,39.2446,55.5154,33.22,100,100,12.33,snow
127,Tuktoyaktuk,CA,69.4541,-133.0374,-12.89,94,100,14.63,overcast clouds
128,Prado,BR,-17.3411,-39.2208,69.13,96,100,7.49,heavy intensity rain
129,Rapid Valley,US,44.0625,-103.1463,37.04,60,1,3.0,clear sky
130,Sao Lourenco Do Sul,BR,-31.3653,-51.9783,69.89,78,6,11.36,clear sky
131,Alugan,PH,12.2188,125.4808,81.37,78,82,10.36,broken clouds
132,Ust-Kut,RU,56.7938,105.7672,-22.23,95,53,2.55,broken clouds
133,Torbay,CA,47.6666,-52.7314,25.57,82,95,7.0,light snow
134,Souillac,MU,-20.5167,57.5167,76.35,77,99,2.95,overcast clouds
135,Kothi,IN,24.75,80.7833,55.15,44,0,2.48,clear sky
136,College,US,64.8569,-147.8028,-3.33,75,100,3.02,overcast clouds
137,Teahupoo,PF,-17.8333,-149.2667,82.36,73,57,10.31,broken clouds
138,Henderson,US,36.0397,-114.9819,62.04,45,1,20.71,clear sky
139,Nanortalik,GL,60.1432,-45.2371,31.98,67,100,17.65,overcast clouds
140,Tarko-Sale,RU,64.9225,77.785,9.27,88,99,22.35,overcast clouds
141,Wembley,AU,-31.9333,115.8,81.09,47,0,19.57,clear sky
142,Luderitz,NA,-26.6481,15.1594,61.77,95,11,7.63,few clouds
143,Ixtapa,MX,20.7,-105.2,76.23,87,1,4.0,clear sky
144,Talnakh,RU,69.4865,88.3972,16.21,95,100,7.78,light snow
145,Punta Arenas,CL,-53.15,-70.9167,59.11,67,0,27.63,light rain
146,Thompson,CA,55.7435,-97.8558,-0.24,85,90,4.61,light snow
147,Sao Joao Da Barra,BR,-21.6403,-41.0511,70.81,85,99,11.41,overcast clouds
148,Karasburg,NA,-28.0167,18.75,67.19,44,4,14.09,clear sky
149,Foca,TR,38.6703,26.7566,42.64,66,8,9.62,clear sky
150,Mayor Pablo Lagerenza,PY,-19.9309,-60.7718,79.47,48,31,0.51,scattered clouds
151,New Norfolk,AU,-42.7826,147.0587,69.75,46,47,4.0,scattered clouds
152,Port Lincoln,AU,-34.7333,135.8667,64.18,76,99,12.88,overcast clouds
153,Carutapera,BR,-1.195,-46.02,79.65,81,63,7.0,broken clouds
154,Severnoye,RU,56.3491,78.3619,-4.45,96,43,5.26,scattered clouds
155,Esmeraldas,BR,-19.7625,-44.3139,68.86,92,28,5.79,scattered clouds
156,Kiri Buru,IN,22.0833,85.35,55.69,59,3,1.83,clear sky
157,Devaprayag,IN,30.15,78.6167,47.57,56,0,4.99,clear sky
158,Pochutla,MX,15.7432,-96.4661,80.42,73,8,3.36,clear sky
159,Lebu,CL,-37.6167,-73.65,57.69,85,0,21.56,clear sky
160,San Rafael Del Sur,NI,11.8485,-86.4384,81.01,54,39,14.09,scattered clouds
161,Santa Cruz De Tenerife,ES,28.4682,-16.2546,65.71,93,20,1.01,few clouds
162,Meulaboh,ID,4.1363,96.1285,74.37,83,30,3.06,scattered clouds
163,Moroni,KM,-11.7022,43.2551,79.05,72,50,5.55,scattered clouds
164,Severo-Kurilsk,RU,50.6789,156.125,28.04,85,100,9.04,light snow
165,Bethel,US,41.3712,-73.414,33.04,86,1,0.0,clear sky
166,Port Alfred,ZA,-33.5906,26.891,63.55,88,73,11.07,broken clouds
167,Iaciara,BR,-14.0958,-46.6317,67.62,99,100,1.16,overcast clouds
168,Kruisfontein,ZA,-34.0033,24.7314,56.88,96,100,4.72,overcast clouds
169,Yantal,RU,56.8471,105.2542,-16.1,90,54,3.76,broken clouds
170,Rio Grande,BR,-32.035,-52.0986,69.94,78,18,14.32,few clouds
171,Kalga,RU,50.9251,118.898,-21.48,86,53,4.07,broken clouds
172,Vao,NC,-22.6667,167.4833,77.81,80,20,12.44,few clouds
173,Salalah,OM,17.0151,54.0924,69.89,73,20,4.61,few clouds
174,Saskylakh,RU,71.9167,114.0833,-40.68,100,50,1.9,scattered clouds
175,Esna,EG,25.2934,32.554,53.67,50,0,13.47,clear sky
176,Vostok,RU,46.4856,135.8833,-27.83,97,100,1.95,overcast clouds
177,Laguna,US,38.421,-121.4238,56.05,71,75,5.01,broken clouds
178,Yar-Sale,RU,66.8333,70.8333,9.73,91,100,16.87,overcast clouds
179,Agirish,RU,61.9247,63.0231,1.45,90,100,8.12,overcast clouds
180,Hami,CN,42.8,93.45,25.32,50,0,1.68,clear sky
181,Roros,NO,62.5747,11.3842,8.44,92,20,2.3,light snow
182,Harper,LR,4.375,-7.7169,79.66,81,71,6.85,broken clouds
183,Puerto Escondido,MX,15.85,-97.0667,81.43,69,20,5.75,few clouds
184,Henties Bay,NA,-22.116,14.2845,61.43,94,1,1.03,clear sky
185,Chernyy Yar,RU,48.0624,46.1091,13.1,76,14,11.81,few clouds
186,Fortuna,US,40.5982,-124.1573,48.54,94,90,4.0,overcast clouds
187,Shanghai,CN,31.2222,121.4581,40.93,58,75,3.0,broken clouds
188,Huarmey,PE,-10.0681,-78.1522,69.76,83,30,9.62,scattered clouds
189,Araouane,ML,18.9048,-3.5265,70.14,20,100,9.51,overcast clouds
190,Maceio,BR,-9.6658,-35.7353,80.47,79,91,13.09,overcast clouds
191,Ust-Koksa,RU,50.2696,85.6108,8.42,87,100,1.1,overcast clouds
192,Bihoro,JP,43.8228,144.1044,17.38,76,17,2.15,few clouds
193,Itarema,BR,-2.9248,-39.9167,80.35,80,81,11.65,broken clouds
194,Chernyshevskiy,RU,63.0128,112.4714,-18.89,96,79,2.53,broken clouds
195,Havre-Saint-Pierre,CA,50.2334,-63.5986,22.73,67,100,26.84,overcast clouds
196,Semnan,IR,35.5729,53.3971,36.59,60,1,2.39,clear sky
197,Lago Da Pedra,BR,-4.3333,-45.1667,75.88,89,58,3.0,broken clouds
198,Tateyama,JP,34.9833,139.8667,51.73,87,75,5.75,mist
199,Nsanje,MW,-16.92,35.262,76.1,89,98,1.74,overcast clouds
200,Lodwar,KE,3.1191,35.5973,80.98,61,89,11.14,overcast clouds
201,Pisco,PE,-13.7,-76.2167,69.85,73,0,14.97,clear sky
202,Hampton,US,37.0299,-76.3452,55.42,56,1,1.99,clear sky
203,Komsomolskiy,UZ,40.4272,71.7189,33.22,80,75,4.61,broken clouds
204,Vila Velha,BR,-20.3297,-40.2925,73.35,82,0,1.99,light rain
205,Hovd,MN,48.0056,91.6419,-0.11,71,13,3.69,few clouds
206,Juquia,BR,-24.3208,-47.6347,64.17,91,40,1.81,scattered clouds
207,Gainesville,US,29.6516,-82.3248,60.94,77,1,0.0,clear sky
208,Pundaguitan,PH,6.3711,126.1689,80.8,77,79,10.04,broken clouds
209,Flin Flon,CA,54.7682,-101.865,-4.65,90,100,10.51,overcast clouds
210,Baganga,PH,7.5739,126.56,80.02,82,97,5.7,overcast clouds
211,Leningradskiy,RU,69.3833,178.4167,-21.71,99,93,4.23,overcast clouds
212,Surami,GE,42.0243,43.5556,13.69,74,87,4.18,overcast clouds
213,Nikolskoye,RU,59.7035,30.7861,8.49,98,100,2.71,overcast clouds
214,San Cristobal,VE,7.7669,-72.225,68.22,93,93,1.01,overcast clouds
215,Hambantota,LK,6.1241,81.1185,71.51,82,8,13.42,clear sky
216,Betioky,MG,-23.7167,44.3833,71.6,91,77,1.74,broken clouds
217,Moron,AR,-34.6534,-58.6198,87.69,45,1,3.0,clear sky
218,Tabuk,PH,17.4189,121.4443,74.12,90,56,2.37,broken clouds
219,Nantucket,US,41.2835,-70.0995,34.14,81,86,4.63,overcast clouds
220,Velingara,SN,13.15,-14.1167,77.92,19,95,5.88,overcast clouds
221,Bubaque,GW,11.2833,-15.8333,80.67,70,84,10.38,broken clouds
222,Hasaki,JP,35.7333,140.8333,45.0,86,100,4.72,overcast clouds
223,Labuhan,ID,-6.8844,112.2051,80.94,80,100,4.05,overcast clouds
224,Mae Sai,TH,20.4335,99.8762,60.44,84,96,1.12,overcast clouds
225,Faanui,PF,-16.4833,-151.75,82.44,70,53,14.83,broken clouds
226,Vangaindrano,MG,-23.35,47.6,75.02,92,100,2.82,overcast clouds
227,Toora-Khem,RU,52.4675,96.11,-24.65,100,77,1.21,broken clouds
228,Charters Towers,AU,-20.1,146.2667,87.76,49,82,11.36,broken clouds
229,Cidreira,BR,-30.1811,-50.2056,70.86,73,4,16.4,clear sky
230,Guamuchil,MX,25.4667,-108.1,77.76,41,88,6.69,overcast clouds
231,Namie,JP,37.4833,141.0,45.97,77,100,12.68,overcast clouds
232,Codrington,AU,-38.2667,141.9667,61.83,76,68,14.92,broken clouds
233,Santa Marta,CO,11.2408,-74.199,78.51,87,77,14.43,broken clouds
234,San Lorenzo,PY,-25.3333,-57.5333,79.59,26,0,4.12,clear sky
235,Ilulissat,GL,69.2167,-51.1,26.62,31,24,5.75,few clouds
236,Tolaga Bay,NZ,-38.3667,178.3,66.99,75,98,13.89,overcast clouds
237,Candelaria,PH,13.9311,121.4233,79.39,83,41,6.91,scattered clouds
238,Aklavik,CA,68.2191,-135.0107,-8.68,95,100,4.0,overcast clouds
239,Yamoto,JP,38.4274,141.2149,35.58,97,100,12.28,light rain
240,Bambous Virieux,MU,-20.3428,57.7575,76.21,79,98,0.89,overcast clouds
241,Nouadhibou,MR,20.931,-17.0347,67.82,65,0,13.73,clear sky
242,Shingu,JP,33.7333,135.9833,52.92,72,66,11.63,broken clouds
243,Cherskiy,RU,68.75,161.3,-22.83,98,100,4.94,overcast clouds
244,Monrovia,LR,6.3005,-10.7969,80.24,79,49,6.58,scattered clouds
245,Hualmay,PE,-11.0964,-77.6139,68.99,85,86,8.93,overcast clouds
246,Tshela,CD,-4.9833,12.9333,72.66,99,99,0.38,overcast clouds
247,Jacareacanga,BR,-6.2222,-57.7528,74.21,99,100,0.51,overcast clouds
248,Klaksvik,FO,62.2266,-6.589,38.32,55,99,15.48,overcast clouds
249,Barrow,US,71.2906,-156.7887,-14.78,76,40,8.05,scattered clouds
250,Terrace,CA,54.5163,-128.6035,9.14,89,9,4.88,clear sky
251,Kahului,US,20.8947,-156.47,77.97,80,23,10.0,few clouds
252,Orumiyeh,IR,37.5527,45.0761,18.21,77,88,6.15,overcast clouds
253,Phirangipuram,IN,16.3,80.2667,63.39,90,12,2.19,few clouds
254,Yermekeyevo,RU,54.0761,53.6712,-10.73,100,94,6.55,overcast clouds
255,Siocon,PH,7.7061,122.1353,79.77,82,94,3.42,overcast clouds
256,Necochea,AR,-38.5473,-58.7368,68.04,92,51,13.24,broken clouds
257,Sao Felix Do Xingu,BR,-6.6447,-51.995,73.38,96,90,2.21,light rain
258,Puerto Leguizamo,CO,-0.1934,-74.7819,76.86,89,100,3.22,overcast clouds
259,Mana,GF,5.6592,-53.7767,77.04,90,99,7.58,overcast clouds
260,Ondjiva,AO,-17.0667,15.7333,69.96,25,25,4.97,scattered clouds
261,Sola,VU,-13.8833,167.55,81.7,76,81,12.21,broken clouds
262,Kurya,RU,51.6003,82.2888,21.4,98,100,7.54,overcast clouds
263,Montmagny,FR,48.9734,2.3469,50.02,98,90,4.61,overcast clouds
264,Oriximina,BR,-1.7656,-55.8661,78.75,84,99,1.88,overcast clouds
265,Kyzyl-Suu,KG,42.3414,78.0056,23.41,60,33,11.88,scattered clouds
266,Delbruck,DE,51.7667,8.5667,37.74,95,90,8.05,light rain and snow
267,Port Macquarie,AU,-31.4333,152.9167,81.9,65,100,4.25,overcast clouds
268,Liverpool,GB,53.4106,-2.9779,44.69,94,90,7.0,overcast clouds
269,Tahta,EG,26.7693,31.5021,51.13,64,0,8.86,clear sky
270,Barberton,ZA,-25.7884,31.0532,61.93,98,100,3.36,light rain
271,Petropavlovsk-Kamchatskiy,RU,53.0452,158.6483,3.79,61,0,11.18,clear sky
272,Chabahar,IR,25.2919,60.643,74.79,79,26,10.38,scattered clouds
273,Karratha,AU,-20.7377,116.8463,82.08,67,28,7.87,scattered clouds
274,Puerto Padre,CU,21.195,-76.6028,70.81,69,55,8.41,broken clouds
275,Mitu,CO,1.1983,-70.1733,75.09,93,67,2.46,broken clouds
276,Asfi,MA,32.2994,-9.2372,62.96,90,100,14.41,overcast clouds
277,Puerto Ayora,EC,-0.7393,-90.3518,70.5,89,97,6.96,overcast clouds
278,Tiksi,RU,71.6872,128.8694,-25.73,100,99,3.51,overcast clouds
279,Victoria,HK,22.2855,114.1577,67.32,82,15,1.01,few clouds
280,Quatre Cocos,MU,-20.2078,57.7625,76.08,81,97,2.1,overcast clouds
281,Tazovskiy,RU,67.4667,78.7,10.42,94,100,13.35,overcast clouds
282,Proddatur,IN,14.7333,78.55,63.9,78,15,4.68,few clouds
283,Port Elizabeth,ZA,-33.918,25.5701,59.09,90,82,9.55,broken clouds
284,Mayna,RU,54.1135,47.6231,2.28,89,7,13.6,clear sky
285,Harrisburg,US,40.2737,-76.8844,46.65,64,1,4.0,clear sky
286,Rettikhovka,RU,44.1683,132.7669,-13.83,82,100,9.55,overcast clouds
287,Isangel,VU,-19.55,169.2667,84.49,66,10,3.6,clear sky
288,Finnsnes,NO,69.2296,17.9811,26.56,96,100,6.67,light snow
289,Paragominas,BR,-2.9667,-47.4833,74.71,94,100,2.68,overcast clouds
290,Iqaluit,CA,63.7506,-68.5145,16.32,76,100,10.18,overcast clouds
291,Jalingo,NG,8.8833,11.3667,76.08,24,94,5.44,overcast clouds
292,Timaru,NZ,-44.4,171.25,67.06,65,53,5.99,broken clouds
293,Umm Kaddadah,SD,13.6017,26.6876,61.47,24,20,16.13,few clouds
294,Bairiki,KI,1.3292,172.9752,86.0,74,40,11.5,scattered clouds
295,Imbituba,BR,-28.24,-48.6703,73.29,82,7,6.76,clear sky
296,Myrtle Beach,US,33.6891,-78.8867,54.09,87,1,8.05,clear sky
297,Iquique,CL,-20.2208,-70.1431,69.66,84,83,6.26,broken clouds
298,Portoferraio,IT,42.8115,10.3146,58.96,80,100,14.52,overcast clouds
299,Hofn,IS,64.2539,-15.2082,38.89,67,100,3.44,overcast clouds
300,Fairbanks,US,64.8378,-147.7164,-13.04,74,1,0.0,clear sky
301,Clyde River,CA,70.4692,-68.5914,1.63,85,90,17.27,overcast clouds
302,Nemuro,JP,43.3236,145.575,5.43,59,75,3.58,broken clouds
303,Valvedditturai,LK,9.8167,80.1667,75.78,68,6,10.04,clear sky
304,Sohag,EG,26.557,31.6948,51.69,61,0,10.04,clear sky
305,Fairhope,US,30.523,-87.9033,67.71,68,1,3.0,clear sky
306,Manjacaze,MZ,-24.7117,33.8828,70.47,91,57,4.83,broken clouds
307,Waingapu,ID,-9.6567,120.2641,81.19,83,100,3.27,overcast clouds
308,Muisne,EC,0.6,-80.0333,75.85,87,90,7.65,overcast clouds
309,Pyu,MM,18.4833,96.4333,58.35,86,0,4.74,clear sky
310,Santa Cruz,BO,-17.8,-63.1667,78.26,89,75,5.75,broken clouds
311,Constitucion,CL,-35.3333,-72.4167,61.63,71,4,13.8,clear sky
312,Vereeniging,ZA,-26.6731,27.9261,66.85,59,1,5.21,clear sky
313,Yumen,CN,40.2833,97.2,11.75,61,2,16.22,clear sky
314,Mananara,MG,-16.1667,49.7667,75.58,94,94,3.8,light rain
315,Kangaatsiaq,GL,68.3065,-53.4641,13.87,78,89,10.45,overcast clouds
316,Padang,ID,-0.9492,100.3543,75.25,84,47,3.4,scattered clouds
317,Semey,KZ,50.4111,80.2275,23.9,94,100,6.22,overcast clouds
318,Concordia,AR,-31.393,-58.0209,77.83,33,0,3.51,clear sky
319,Saint-Joseph,RE,-21.3667,55.6167,77.38,86,99,0.96,light rain
320,Half Moon Bay,US,37.4636,-122.4286,55.83,77,75,11.5,haze
321,Karasjok,NO,69.4719,25.5112,3.31,93,77,8.05,broken clouds
322,Gravdal,NO,68.1214,13.5031,31.32,84,100,26.13,light snow
323,Chapais,CA,49.7834,-74.8492,-11.74,95,15,3.94,few clouds
324,Cayenne,GF,4.9333,-52.3333,79.09,91,75,1.99,broken clouds
325,Kondinskoye,RU,59.6481,67.41,-3.44,94,94,12.84,overcast clouds
326,Ewo,CG,-0.8725,14.8206,73.11,87,46,3.98,scattered clouds
327,Onega,RU,63.9061,38.1404,19.87,94,100,8.79,light snow
328,La Macarena,CO,2.1837,-73.7849,79.14,75,100,2.55,overcast clouds
329,Cabedelo,BR,-6.9811,-34.8339,81.27,77,41,14.12,scattered clouds
330,Ishim,RU,56.1128,69.4902,-10.23,96,81,9.53,broken clouds
331,Richards Bay,ZA,-28.783,32.0377,67.14,86,93,2.06,overcast clouds
332,Marystown,CA,47.1666,-55.1483,24.85,100,100,8.99,light snow
333,Gao,ML,16.6362,1.637,68.54,12,58,11.88,broken clouds
334,Dickinson,US,29.4608,-95.0513,75.2,83,75,1.01,broken clouds
335,Mackay,AU,-21.15,149.2,84.04,60,89,7.27,overcast clouds
336,Muncar,ID,-8.4333,114.3333,80.01,85,99,3.69,overcast clouds
337,Galveston,US,29.3669,-94.9669,75.22,85,75,3.0,broken clouds
338,Ballitoville,ZA,-29.539,31.2144,66.24,87,100,4.97,overcast clouds
339,Lasa,IT,46.6166,10.7002,30.02,75,99,3.58,overcast clouds
340,Terra Santa,BR,-2.1042,-56.4869,77.4,91,100,3.94,moderate rain
341,Gbarnga,LR,6.9956,-9.4722,71.22,98,27,1.07,scattered clouds
342,Waddan,LY,29.1614,16.139,53.53,39,0,5.59,clear sky
343,Marawi,PH,7.9986,124.2928,70.65,83,76,0.85,broken clouds
344,Faya,SA,18.3851,42.4509,52.32,75,95,4.76,overcast clouds
345,Aviles,ES,43.5547,-5.9248,52.93,89,75,1.99,broken clouds
346,Labuan,MY,5.2767,115.2417,78.96,81,100,6.62,overcast clouds
347,Manali,IN,13.1667,80.2667,73.08,87,33,4.47,scattered clouds
348,Kirensk,RU,57.7853,108.1119,-28.28,98,80,3.06,broken clouds
349,Jaszkiser,HU,47.45,20.2167,46.69,91,87,9.01,overcast clouds
350,El Alto,PE,-4.2714,-81.2147,68.86,79,21,19.33,few clouds
351,Kingsport,US,36.5484,-82.5618,53.11,75,40,3.0,scattered clouds
352,Vila Franca Do Campo,PT,37.7167,-25.4333,63.19,95,89,9.1,overcast clouds
353,Mundo Nuevo,MX,18.7,-95.5,72.43,77,3,9.93,clear sky
354,Kaitangata,NZ,-46.2817,169.8464,61.93,72,0,8.95,clear sky
355,Vestmanna,FO,62.1564,-7.1664,36.52,56,75,12.66,broken clouds
356,Camacha,PT,33.0833,-16.3333,63.82,72,20,23.02,few clouds
357,Saryg-Sep,RU,51.5,95.6,-18.87,98,58,3.85,broken clouds
358,Mahon,ES,39.8885,4.2658,57.76,94,20,4.61,few clouds
359,Narsaq,GL,60.9167,-46.05,43.02,52,77,17.54,broken clouds
360,Nizhniy Ingash,RU,56.2,96.53,-12.95,96,58,1.39,broken clouds
361,Tabou,CI,4.423,-7.3528,79.79,81,76,6.67,broken clouds
362,Strangnas,SE,59.3774,17.0312,16.41,77,6,9.73,clear sky
363,Dovers,VC,12.8833,-61.1833,79.77,79,53,17.94,broken clouds
364,Port Hueneme,US,34.1478,-119.1951,61.95,80,75,5.75,broken clouds
365,Talcahuano,CL,-36.7167,-73.1167,62.35,64,0,14.5,clear sky
366,Tutoia,BR,-2.7619,-42.2744,84.18,80,89,10.63,overcast clouds
367,Grindavik,IS,63.8424,-22.4338,36.07,75,0,10.36,clear sky
368,Maragogi,BR,-9.0122,-35.2225,80.31,79,100,12.93,overcast clouds
369,Marsh Harbour,BS,26.5412,-77.0636,72.7,56,0,10.54,clear sky
370,Usinsk,RU,65.9939,57.5281,-2.65,95,100,8.72,overcast clouds
371,Lagoa,PT,39.05,-27.9833,62.38,90,97,11.16,overcast clouds
372,Vardo,NO,70.3705,31.1107,23.2,63,100,24.05,light snow
373,Kolpashevo,RU,58.3131,82.9089,-0.24,98,50,5.5,scattered clouds
374,Marquette,US,46.5333,-87.6335,36.82,94,100,9.55,overcast clouds
375,Vuktyl,RU,63.8567,57.3094,-11.47,96,33,6.71,scattered clouds
376,Longyearbyen,SJ,78.2186,15.6401,10.24,52,0,16.11,clear sky
377,Cairns,AU,-16.9167,145.7667,94.95,60,97,10.36,overcast clouds
378,Airai,TL,-8.9266,125.4092,60.22,97,100,4.29,overcast clouds
379,Merauke,ID,-8.4667,140.3333,81.88,80,100,5.84,overcast clouds
380,Guerrero Negro,MX,27.9769,-114.0611,66.29,74,92,13.51,overcast clouds
381,Mnogovershinnyy,RU,53.9353,139.9242,-22.61,91,79,3.56,broken clouds
382,Arica,CL,-18.475,-70.3042,70.59,84,66,2.24,broken clouds
383,Kiboga,UG,0.9161,31.7742,65.62,87,97,1.19,light rain
384,Sandovo,RU,58.4602,36.4128,13.39,93,100,13.8,light snow
385,Teguise,ES,29.0605,-13.564,59.22,82,20,4.61,few clouds
386,Kaeo,NZ,-35.1,173.7833,76.64,43,4,6.13,clear sky
387,Cabo San Lucas,MX,22.8909,-109.9124,80.51,56,20,3.44,few clouds
388,Mahibadhoo,MV,3.7833,72.9667,82.24,64,87,11.86,overcast clouds
389,Beruwala,LK,6.4788,79.9828,72.66,91,9,4.92,clear sky
390,Husavik,IS,66.0449,-17.3389,25.29,74,99,3.78,overcast clouds
391,Gwadar,PK,25.1216,62.3254,73.26,79,6,4.63,clear sky
392,Beaverlodge,CA,55.2166,-119.4361,-19.05,95,100,5.03,overcast clouds
393,Osinniki,RU,53.6239,87.3598,12.65,96,98,2.89,overcast clouds
394,Srednekolymsk,RU,67.45,153.6833,-24.95,98,100,3.76,overcast clouds
395,Zeya,RU,53.75,127.2667,-20.25,88,11,3.53,few clouds
396,Santo Antonio Do Ica,BR,-3.1022,-67.9397,76.01,93,90,2.04,overcast clouds
397,Meiningen,DE,50.5679,10.4152,43.65,95,98,2.53,overcast clouds
398,Csengele,HU,46.5423,19.8636,46.6,75,99,7.0,overcast clouds
399,Rensvik,NO,63.1,7.8167,29.86,100,90,4.61,light snow
400,Jalu,LY,29.0331,21.5482,53.76,74,4,4.47,clear sky
401,Trelew,AR,-43.249,-65.3051,68.77,38,0,11.92,clear sky
402,Coihaique,CL,-45.5752,-72.0662,64.35,55,75,9.22,broken clouds
403,Saurimo,AO,-9.6608,20.3916,63.0,98,93,3.09,overcast clouds
404,Qaqortoq,GL,60.7167,-46.0333,43.3,55,74,15.46,broken clouds
405,Gueret,FR,46.1667,1.8667,43.43,93,99,4.41,overcast clouds
406,Paraiso,CR,9.8383,-83.8656,67.06,89,98,3.56,overcast clouds
407,Panzhihua,CN,26.5851,101.7128,41.41,89,8,1.23,clear sky
408,Rawson,AR,-43.3002,-65.1023,65.44,54,0,10.85,clear sky
409,Hellvik,NO,59.9156,5.781,30.78,65,81,1.99,broken clouds
410,Payson,US,40.0444,-111.7321,43.83,70,90,4.61,overcast clouds
411,Eureka,US,40.8021,-124.1637,48.81,91,70,5.01,broken clouds
412,Stillwater,US,36.1156,-97.0584,76.84,35,1,10.36,clear sky
413,Mount Isa,AU,-20.7333,139.5,98.37,14,90,17.27,overcast clouds
414,Kayerkan,RU,69.3497,87.7602,15.53,85,100,8.3,overcast clouds
415,Palmer,US,42.1584,-72.3287,27.93,81,90,3.44,overcast clouds
416,Tuatapere,NZ,-46.1333,167.6833,65.82,40,0,6.29,clear sky
417,Hede,CN,33.7681,120.2517,30.09,53,65,15.14,broken clouds
418,Kemin,KG,42.7846,75.6892,32.85,54,85,5.59,overcast clouds
419,Abakaliki,NG,6.3163,8.1169,80.22,68,26,8.34,scattered clouds
420,Binga,ZW,-17.6203,27.3414,73.11,82,93,5.35,overcast clouds
421,Beyneu,KZ,45.3167,55.2,18.41,65,0,8.16,clear sky
422,Aasiaat,GL,68.7098,-52.8699,10.87,81,68,9.33,broken clouds
423,Gushikawa,JP,26.3544,127.8686,65.43,68,90,21.85,overcast clouds
424,Ulaanbaatar,MN,47.9077,106.8832,-14.73,95,6,1.95,clear sky
425,Asau,RO,46.4333,26.4,45.75,96,100,6.89,overcast clouds
426,Lata,PT,40.1629,-8.3327,54.91,95,100,5.93,overcast clouds
427,Shimoda,JP,34.6667,138.95,47.1,76,100,10.51,overcast clouds
428,Uitenhage,ZA,-33.7576,25.3971,58.41,96,96,3.89,overcast clouds
429,Nelson Bay,AU,-32.7167,152.15,86.29,67,18,1.99,few clouds
430,Gamba,GA,-2.65,10.0,76.89,91,91,5.99,overcast clouds
431,Kindu,CD,-2.95,25.95,69.93,100,100,1.43,moderate rain
432,Kieta,PG,-6.2167,155.6333,85.21,74,77,2.98,light rain
433,Kavaratti,IN,10.5669,72.642,81.09,68,30,11.39,scattered clouds
434,Matagami,CA,49.7502,-77.6328,10.78,95,100,7.49,overcast clouds
435,Kenai,US,60.5544,-151.2583,14.09,88,1,4.61,clear sky
436,Tieling,CN,42.2931,123.8414,-4.56,48,4,5.99,clear sky
437,San Patricio,US,28.017,-97.5169,75.88,76,94,17.18,overcast clouds
438,Kununurra,AU,-15.7667,128.7333,84.18,65,100,8.05,overcast clouds
439,Sur,OM,22.5667,59.5289,72.48,54,0,4.94,clear sky
440,Bintulu,MY,3.1667,113.0333,77.16,89,87,3.18,overcast clouds
441,Vanavara,RU,60.34,102.2797,-21.35,96,84,2.95,broken clouds
442,Hedaru,TZ,-4.5,37.9,70.65,90,94,2.35,overcast clouds
443,Coquimbo,CL,-29.9533,-71.3436,63.01,83,23,4.68,few clouds
444,Castlerea,IE,53.7667,-8.5,45.01,97,95,12.08,overcast clouds
445,Westport,US,41.1415,-73.3579,35.98,90,1,3.0,clear sky
446,Surt,LY,31.2089,16.5887,57.94,71,0,6.51,clear sky
447,Coos Bay,US,43.3665,-124.2179,43.93,100,100,1.01,overcast clouds
448,Saint-Francois,FR,46.4154,3.9054,45.84,91,0,6.91,clear sky
449,Pangai,TO,-19.8,-174.35,79.83,65,11,2.39,few clouds
450,Kloulklubed,PW,7.0419,134.2556,84.7,75,36,15.26,scattered clouds
451,Douglas,US,41.3,-96.167,52.9,64,1,1.99,clear sky
452,Chiradzulu,MW,-15.6746,35.1407,68.31,87,100,3.27,light rain
453,Geraldton,AU,-28.7667,114.6,95.41,11,0,24.16,clear sky
454,Lantana,US,26.5867,-80.052,73.42,69,40,3.44,scattered clouds
455,Shiraz,IR,29.6036,52.5388,47.34,71,100,1.79,overcast clouds
456,Carinhanha,BR,-14.3047,-43.765,69.39,98,100,4.61,light rain
457,Paamiut,GL,61.994,-49.6678,25.63,67,98,7.78,overcast clouds
458,Strezhevoy,RU,60.7333,77.5889,4.98,91,100,12.01,overcast clouds
459,Ola,RU,59.5833,151.2833,-7.64,73,100,12.41,overcast clouds
460,Mehamn,NO,71.0357,27.8492,23.72,68,100,10.42,overcast clouds
461,Kurchum,KZ,48.5722,83.6542,5.45,91,50,2.77,scattered clouds
462,Dunedin,NZ,-45.8742,170.5036,59.81,71,21,8.99,few clouds
463,Fukue,JP,32.6881,128.8419,43.66,73,42,34.45,scattered clouds
464,Beira,MZ,-19.8436,34.8389,78.85,81,100,15.77,light rain
465,Kargalinskaya,RU,43.7417,46.4792,27.19,94,100,2.86,overcast clouds
466,Anadyr,RU,64.75,177.4833,8.49,84,100,9.8,overcast clouds
467,Port Blair,IN,11.6667,92.75,75.06,82,40,9.66,scattered clouds
468,Bhuj,IN,23.2667,69.6667,67.1,80,1,4.99,clear sky
469,Kupang,ID,-10.1667,123.5833,77.58,100,75,5.75,light rain
470,Kimbe,PG,-5.5502,150.1429,82.24,80,100,2.1,moderate rain
471,Chapleau,CA,47.8405,-83.4034,29.97,95,100,12.57,overcast clouds
472,Tezu,IN,27.9167,96.1667,53.92,66,99,3.47,overcast clouds
473,Domoni,KM,-12.2569,44.5319,79.3,82,55,4.65,broken clouds
474,Xuddur,SO,4.1213,43.8894,71.15,78,87,14.09,overcast clouds
475,Altay,CN,47.8667,88.1167,17.4,51,7,8.99,clear sky
476,Lantawan,PH,10.6167,123.9833,76.68,86,96,7.99,overcast clouds
477,Pedasi,PA,7.5333,-80.0333,79.07,83,84,13.35,broken clouds
478,Vagamo,NO,61.8751,9.0967,9.12,88,36,8.05,scattered clouds
479,Pimentel,PE,-6.8367,-79.9342,68.14,87,28,13.98,scattered clouds
480,Znamenskoye,RU,57.1281,73.8282,-10.3,96,19,6.13,few clouds
481,Luau,AO,-10.7073,22.2247,63.95,99,100,3.06,light rain
482,Mesto Albrechtice,CZ,50.1629,17.5748,34.41,98,98,4.68,snow
483,Biskamzha,RU,53.4497,89.5272,6.21,87,80,4.18,broken clouds
484,Iskateley,RU,67.6803,53.1512,-13.04,95,85,5.12,overcast clouds
485,Fernan-Nunez,ES,37.6884,-4.7247,55.29,90,86,4.81,overcast clouds
486,Xochihuehuetlan,MX,17.9167,-98.4333,77.18,31,0,2.68,clear sky
487,Mangrol,IN,21.1167,70.1167,68.59,84,0,8.61,clear sky
488,Cartagena Del Chaira,CO,1.3349,-74.8429,79.47,78,100,2.1,overcast clouds
489,Krasnogorskiy,RU,54.6025,61.231,-13.04,92,30,5.19,scattered clouds
490,Ryotsu,JP,38.0833,138.4333,39.16,93,100,18.28,light rain
491,Tongren,CN,27.7172,109.1853,40.32,83,100,7.29,overcast clouds
492,Leh,IN,34.1667,77.5833,3.09,81,95,3.06,overcast clouds
493,Ballina,AU,-28.8667,153.5667,77.04,1,100,5.99,overcast clouds
494,Davenda,RU,53.5556,119.317,-17.48,84,100,2.93,overcast clouds
495,Norsup,VU,-16.0667,167.3833,84.83,70,40,12.97,scattered clouds
496,Dali,CN,25.7,100.1833,36.39,81,53,0.45,broken clouds
497,Margate,GB,51.3813,1.3862,49.87,93,100,1.01,moderate rain
498,Solnechnyy,RU,50.7214,136.6319,-14.17,90,99,2.21,overcast clouds
499,Juneau,US,58.3019,-134.4197,21.25,83,6,8.08,clear sky
500,Olafsvik,IS,64.8945,-23.7142,35.49,74,93,9.15,overcast clouds
501,Sakaiminato,JP,35.55,133.2333,46.24,72,68,7.02,broken clouds
502,Hokitika,NZ,-42.7167,170.9667,65.66,60,79,10.22,broken clouds
503,Misratah,LY,32.3754,15.0925,59.36,70,0,8.12,clear sky
504,Naron,ES,43.5167,-8.1528,55.9,80,89,12.48,overcast clouds
505,Gizo,SB,-8.103,156.8419,84.2,76,96,7.49,moderate rain
506,Campamento,HN,14.55,-86.65,66.74,77,39,2.51,scattered clouds
507,Sinnamary,GF,5.3833,-52.95,77.54,88,95,10.04,overcast clouds
508,Graaff-Reinet,ZA,-32.2522,24.5308,57.92,93,38,3.04,scattered clouds
509,Awjilah,LY,29.1081,21.2869,54.32,70,4,4.65,clear sky
510,Devils Lake,US,48.1128,-98.8651,4.98,75,1,14.0,clear sky
511,Dolores,AR,-36.3132,-57.6792,71.89,72,67,17.47,light rain
512,Billings,US,45.7833,-108.5007,29.37,86,90,5.75,light snow
513,Inuvik,CA,68.3499,-133.7218,-7.56,77,75,10.36,light snow
514,Grimshaw,CA,56.1834,-117.6027,-15.18,64,75,11.5,broken clouds
515,Progreso,MX,21.2833,-89.6667,77.11,65,0,15.1,clear sky
516,Saldanha,ZA,-33.0117,17.9442,68.05,85,93,8.48,overcast clouds
517,Uberlandia,BR,-18.9186,-48.2772,66.58,70,13,3.67,few clouds
518,Las Vegas,US,36.175,-115.1372,61.48,44,1,21.85,clear sky
519,Bilibino,RU,68.0546,166.4372,-22.68,99,97,1.3,overcast clouds
520,Otofuke,JP,42.9917,143.2003,18.55,79,72,2.1,broken clouds
521,Saint-Augustin,CA,51.226,-58.6502,30.07,94,100,13.15,light snow
522,Bouafle,CI,6.9904,-5.7442,69.82,58,72,2.42,broken clouds
523,Korhogo,CI,9.45,-5.6333,72.28,28,5,0.54,clear sky
524,Korla,CN,41.7597,86.1469,23.02,61,4,5.06,clear sky
525,Manta,EC,-0.95,-80.7333,76.78,78,75,10.36,broken clouds
526,Sao Jose Da Coroa Grande,BR,-8.8978,-35.1478,80.29,80,100,15.17,overcast clouds
527,Aksha,RU,50.2814,113.2867,-14.66,86,4,4.43,clear sky
528,Guarapari,BR,-20.6667,-40.4975,73.29,87,100,9.6,overcast clouds
529,Alta Gracia,AR,-31.6529,-64.4283,86.88,37,6,3.76,clear sky
530,Iracoubo,GF,5.4802,-53.2011,77.54,87,91,9.66,overcast clouds
531,Furukawa,JP,38.5717,140.9556,34.74,81,99,8.79,light snow
532,Ormara,PK,25.2088,64.6357,74.03,76,24,3.47,few clouds
533,Viedma,AR,-40.8135,-62.9967,62.82,76,0,13.51,clear sky
534,Wamba,NG,8.9333,8.6,73.22,24,84,5.08,broken clouds
535,Alofi,NU,-19.0595,-169.9187,84.09,70,53,9.22,broken clouds
536,Beihai,CN,21.4833,109.1,68.88,76,99,7.94,overcast clouds
537,Mission Bend,US,29.6938,-95.6649,74.61,76,20,1.99,few clouds
538,Trincomalee,LK,8.5711,81.2335,77.68,66,5,11.43,clear sky
539,Myra,IT,45.4358,12.1348,41.04,92,75,2.3,mist
540,Hemnesberget,NO,66.2333,13.6333,17.53,98,100,3.27,light snow
541,Deputatskiy,RU,69.3,139.9,-36.56,100,81,4.03,broken clouds
542,Wiarton,CA,44.7407,-81.1332,39.4,87,90,4.61,overcast clouds
543,Ouadda,CF,8.0777,22.4007,70.16,25,84,6.02,broken clouds
544,Paidha,UG,2.4167,30.9855,63.86,74,75,4.52,broken clouds
545,Brae,GB,60.3964,-1.353,37.31,58,84,8.84,broken clouds
546,Tekeli,KZ,44.83,78.8239,25.27,59,98,9.35,overcast clouds
547,Valdivia,CL,-39.8142,-73.2459,69.06,53,0,3.71,clear sky
548,Thabazimbi,ZA,-24.5917,27.4116,66.2,29,12,6.02,few clouds
549,Badin,PK,24.656,68.8384,66.0,22,13,5.26,few clouds
550,Kyra,RU,49.5776,111.9753,-11.11,65,0,5.1,clear sky
551,Andenes,NO,69.3143,16.1194,30.18,86,75,31.07,freezing rain
552,Villa Bruzual,VE,9.3328,-69.1208,84.58,53,89,4.99,overcast clouds
553,Ancud,CL,-41.8697,-73.8203,64.42,79,20,3.4,few clouds
554,Morehead,US,37.2711,-87.1764,64.15,75,1,4.0,clear sky
555,Acapulco,MX,16.8634,-99.8901,82.22,69,75,4.61,broken clouds
556,Le Pradet,FR,43.1066,6.0172,56.89,93,90,5.75,overcast clouds
557,Sarangani,PH,5.4033,125.4636,81.72,75,89,13.09,overcast clouds
558,Alindao,CF,5.0267,21.2088,80.55,44,100,3.29,overcast clouds
559,Lesnyye Polyany,RU,55.9667,37.8667,10.02,93,95,15.19,light snow
560,Porto Velho,BR,-8.7619,-63.9039,80.65,89,20,2.3,few clouds
561,Weihai,CN,37.5017,122.1136,22.39,79,100,25.84,light snow
562,Sovetskiy,RU,61.3614,63.5842,-2.18,91,100,9.19,overcast clouds
563,Hagere Hiywet,ET,8.9833,37.85,60.24,43,95,3.91,overcast clouds
564,Shebunino,RU,46.4339,141.8603,22.71,86,100,16.84,snow
565,Pacific Grove,US,36.6177,-121.9166,55.29,71,75,1.99,broken clouds
566,Maketu,NZ,-37.7667,176.45,80.42,68,39,11.21,scattered clouds
567,Yulara,AU,-25.2406,130.9889,89.44,20,4,10.36,clear sky
568,Togur,RU,58.3631,82.8265,-0.44,98,47,5.5,scattered clouds
569,Gat,IL,31.61,34.7642,50.4,60,73,2.06,broken clouds
570,Ilhabela,BR,-23.7781,-45.3581,70.97,76,71,5.3,broken clouds
571,Gomel,BY,52.4345,30.9754,24.78,93,90,13.42,mist
572,Varna,BG,43.2167,27.9167,46.44,75,0,5.75,clear sky
573,Cedar City,US,37.6775,-113.0619,43.77,65,75,17.27,broken clouds
574,Chifeng,CN,42.2683,118.9636,-3.68,57,0,9.6,clear sky
575,Belaya Gora,RU,68.5333,146.4167,-39.68,100,98,4.12,overcast clouds
576,Gloucester,GB,51.8657,-2.2431,49.5,94,99,4.74,overcast clouds
577,Iztapa,GT,13.9333,-90.7075,82.45,65,1,0.0,clear sky
578,Kirkwood,US,38.5834,-90.4068,70.9,67,75,5.99,broken clouds
579,Kalinovo,RU,57.1317,60.1464,-0.65,88,100,11.3,overcast clouds
580,Fort-Shevchenko,KZ,44.5086,50.263,28.58,59,8,19.66,clear sky
581,Caronport,CA,50.4501,-105.8179,-2.02,90,33,9.71,scattered clouds
582,Porto Torres,IT,40.835,8.3972,57.38,78,100,10.33,overcast clouds
583,Cap Malheureux,MU,-19.9842,57.6142,76.46,85,95,2.98,overcast clouds
584,Auki,SB,-8.7676,160.7034,83.93,78,100,2.86,overcast clouds
585,Walvis Bay,NA,-22.9575,14.5053,62.15,91,0,3.24,clear sky
586,Kajaani,FI,64.2273,27.7285,-2.15,84,75,1.14,light shower snow
587,Nizhneangarsk,RU,55.7833,109.55,-7.33,73,42,4.38,scattered clouds
588,Pushkinskiye Gory,RU,57.0209,28.9103,12.06,95,98,5.06,overcast clouds
589,Mukhen,RU,48.1,136.1,-19.16,93,100,3.71,overcast clouds
590,Ahuimanu,US,21.4447,-157.8378,80.31,64,40,5.01,scattered clouds
591,Kilembe,UG,0.2,30.0,61.27,84,99,4.45,overcast clouds
592,Manono,CD,-7.3,27.4167,68.5,97,100,2.53,overcast clouds
593,Ojinaga,MX,29.5667,-104.4167,81.55,26,1,0.0,clear sky
594,Woodward,US,36.4337,-99.3904,76.23,31,75,25.32,broken clouds
595,Vila,PT,42.0304,-8.1588,43.68,95,86,5.17,overcast clouds
596,Mezen,RU,65.8522,44.24,5.36,92,100,12.08,overcast clouds
597,Puerto Baquerizo Moreno,EC,-0.9,-89.6,71.01,88,59,9.93,broken clouds
598,Axim,GH,4.8699,-2.2405,79.86,83,19,5.23,few clouds
599,Lumphat,KH,13.4878,106.9816,70.03,82,57,4.47,broken clouds
600,Kavieng,PG,-2.5744,150.7967,82.9,77,100,1.03,overcast clouds
601,Berja,ES,36.8469,-2.9497,53.76,77,59,9.4,broken clouds
602,Russell,US,32.3502,-85.1999,60.51,86,1,3.44,clear sky
603,Mountain Home,US,43.133,-115.6912,34.93,88,78,7.14,broken clouds
604,Nicoya,CR,10.1483,-85.452,80.15,74,57,5.88,broken clouds
605,Nombre De Dios,MX,23.85,-104.2333,80.15,21,79,4.68,broken clouds
606,Aykhal,RU,66.0,111.5,-17.54,89,25,5.55,scattered clouds
607,Coahuayana,MX,18.7333,-103.6833,83.68,71,1,4.61,clear sky
608,Zambezi,ZM,-13.5432,23.1047,65.19,98,99,4.83,moderate rain
609,Urengoy,RU,65.9667,78.3667,10.53,89,99,18.16,overcast clouds
610,Muhos,FI,64.808,25.9931,14.7,93,100,7.96,light snow
611,Weligama,LK,5.9667,80.4167,73.51,88,83,4.74,broken clouds
612,Ulaangom,MN,49.9811,92.0667,-11.38,91,92,3.69,overcast clouds
613,Maputo,MZ,-25.9653,32.5892,72.23,84,80,1.01,broken clouds
614,Simao,CN,22.7886,100.9748,47.7,95,36,1.05,scattered clouds
615,Nizhniy Odes,RU,63.6445,54.856,-12.98,98,42,6.15,scattered clouds
616,Havoysund,NO,70.9963,24.6622,22.08,78,100,8.39,light snow
617,Bone,DE,51.9669,12.1396,30.87,82,100,8.52,overcast clouds
618,Magadan,RU,59.5667,150.8,-7.91,79,100,10.76,overcast clouds
619,Wucheng,CN,29.6008,118.175,37.81,94,100,6.33,overcast clouds
620,Waipawa,NZ,-41.4122,175.5153,61.93,73,100,8.86,overcast clouds
621,Dudinka,RU,69.4058,86.1778,16.63,94,100,13.35,light snow
622,Umarkot,PK,25.3616,69.7362,62.64,24,5,6.6,clear sky
623,Santa Maria,BR,-29.6842,-53.8069,70.38,52,1,5.06,clear sky
624,San Felipe,VE,10.3399,-68.7425,71.71,98,61,3.8,broken clouds
625,Nefteyugansk,RU,61.0998,72.6035,3.45,88,100,19.3,overcast clouds
626,Mabay,PH,6.0577,124.4666,81.0,75,90,0.72,overcast clouds
627,Leglise,BE,49.7999,5.5365,45.16,95,100,2.57,light rain
628,Dicabisagan,PH,17.0818,122.4157,76.53,87,33,6.24,scattered clouds
629,Lavrentiya,RU,65.5833,-171.0,5.77,89,100,9.91,overcast clouds
630,Pokrovsk,UA,48.282,37.1758,33.03,98,100,17.27,snow
631,Neftcala,AZ,39.3742,49.2472,38.3,77,100,12.17,overcast clouds
632,Ponta Delgada,PT,37.7333,-25.6667,63.5,94,75,8.05,broken clouds
633,Mancheral,IN,18.8667,79.4333,62.8,69,0,2.57,clear sky
634,Nichinan,JP,31.6,131.3667,51.48,73,69,14.54,broken clouds
635,Road Town,VG,18.4167,-64.6167,77.09,78,20,0.0,few clouds
636,Kamenka,RU,51.3223,42.7678,11.75,89,62,20.62,broken clouds
637,Brasilia De Minas,BR,-16.2064,-44.4333,65.01,97,100,3.0,moderate rain
638,Jiuquan,CN,39.7432,98.5174,10.35,59,3,4.72,clear sky
639,Arrifes,PT,37.7667,-25.7,61.23,94,75,8.05,broken clouds
640,Pittsburg,US,38.028,-121.8847,55.26,73,90,4.0,overcast clouds
641,Malko Tarnovo,BG,41.9833,27.5333,33.78,91,23,16.08,few clouds
642,Montrose,US,38.4166,-108.2673,32.36,95,98,9.73,snow
643,Gagino,RU,55.2314,45.0339,2.89,86,9,17.13,clear sky
644,Turayf,SA,31.6725,38.6637,39.45,100,0,4.61,clear sky
645,Khor,RU,47.8861,134.9464,-21.42,95,100,5.61,overcast clouds
646,Cururupu,BR,-1.8283,-44.8683,79.54,81,98,4.23,overcast clouds
647,Zhanaozen,KZ,43.3,52.8,19.33,66,0,12.12,clear sky
648,Chino Valley,US,34.7575,-112.4538,48.42,84,90,1.01,overcast clouds
649,Brigantine,US,39.4101,-74.3646,45.01,85,1,5.75,clear sky
650,Tonj,SS,7.2737,28.6822,75.24,29,72,4.9,broken clouds
651,Chara,RU,56.9064,118.2631,-13.5,97,100,0.38,overcast clouds
652,Grants Pass,US,42.439,-123.3284,39.9,92,75,5.75,fog
653,Cowra,AU,-33.8333,148.6833,85.26,39,22,6.26,few clouds
654,Ha Giang,VN,22.8333,104.9833,63.01,95,73,0.11,broken clouds
655,Ejea De Los Caballeros,ES,42.1263,-1.1372,49.86,87,91,7.45,overcast clouds
656,Canutama,BR,-6.5339,-64.3831,76.66,93,100,2.21,overcast clouds
657,Nanlong,CN,31.3533,106.0631,49.28,86,100,7.18,overcast clouds
658,Atambua,ID,-9.1061,124.8925,74.7,88,100,3.18,overcast clouds
659,Khasan,RU,42.4308,130.6434,-3.23,76,0,27.96,clear sky
660,Santa Fe,AR,-31.6333,-60.7,85.75,26,0,5.99,light rain
661,Luena,AO,-11.7833,19.9167,59.18,97,99,1.63,overcast clouds
662,Nador,MA,35.174,-2.9287,53.85,94,0,0.0,clear sky
663,Itoman,JP,26.1247,127.6694,66.22,68,75,29.93,broken clouds
664,Filadelfia,US,39.9523,-75.1638,46.15,62,75,3.44,broken clouds
665,Novoanninskiy,RU,50.5287,42.6747,12.56,89,77,19.98,broken clouds
666,Naze,JP,28.3667,129.4833,59.92,65,100,24.76,overcast clouds
667,Leshukonskoye,RU,64.8989,45.7622,5.81,92,100,10.0,overcast clouds
668,Garachine,PA,8.0647,-78.3628,79.75,85,65,9.33,broken clouds
669,Christchurch,NZ,-43.5333,172.6333,65.32,60,79,5.99,broken clouds
670,Tual,ID,-5.6667,132.75,83.39,74,100,21.83,light rain
671,Aljezur,PT,37.3191,-8.8033,59.41,81,100,15.46,light rain
672,La Sarre,CA,48.8002,-79.1996,20.97,92,100,9.13,light snow
673,Verin,ES,41.9415,-7.4381,50.56,97,99,3.6,overcast clouds
674,Brookhaven,US,31.5791,-90.4407,69.46,77,0,11.05,clear sky
675,Batemans Bay,AU,-35.7167,150.1833,90.19,56,21,5.97,few clouds
676,Urumqi,CN,43.801,87.6005,11.35,92,90,4.47,fog
677,Egvekinot,RU,66.3167,-179.1667,-11.97,88,100,13.91,overcast clouds
678,Susanville,US,40.4163,-120.653,37.09,72,90,17.27,light snow
679,Riyadh,SA,24.6877,46.7219,62.74,46,100,1.81,overcast clouds
680,Pemba,MZ,-12.974,40.5178,78.6,86,47,8.52,scattered clouds
681,Bagdarin,RU,54.4333,113.6,-13.95,84,99,3.87,overcast clouds
682,Terpinnya,UA,46.9697,35.4197,35.28,96,100,9.26,overcast clouds
